"","word","category","lexical_class"
"1","baa baa","sounds","other"
"2","choo choo","sounds","other"
"3","cockadoodledoo","sounds","other"
"4","grrr","sounds","other"
"5","meow","sounds","other"
"6","moo","sounds","other"
"7","ouch","sounds","other"
"8","quack quack","sounds","other"
"9","uh oh","sounds","other"
"10","vroom","sounds","other"
"11","woof woof","sounds","other"
"12","yum yum","sounds","other"
"13","alligator","animals","nouns"
"14","animal","animals","nouns"
"15","ant","animals","nouns"
"16","bear","animals","nouns"
"17","bee","animals","nouns"
"18","bird","animals","nouns"
"19","bug","animals","nouns"
"20","bunny","animals","nouns"
"21","butterfly","animals","nouns"
"22","cat","animals","nouns"
"23","chicken","animals","nouns"
"24","cow","animals","nouns"
"25","deer","animals","nouns"
"26","dog","animals","nouns"
"27","donkey","animals","nouns"
"28","duck","animals","nouns"
"29","elephant","animals","nouns"
"30","fish","animals","nouns"
"31","frog","animals","nouns"
"32","giraffe","animals","nouns"
"33","goose","animals","nouns"
"34","hen","animals","nouns"
"35","horse","animals","nouns"
"36","kitty","animals","nouns"
"37","lamb","animals","nouns"
"38","lion","animals","nouns"
"39","monkey","animals","nouns"
"40","moose","animals","nouns"
"41","mouse","animals","nouns"
"42","owl","animals","nouns"
"43","penguin","animals","nouns"
"44","pig","animals","nouns"
"45","pony","animals","nouns"
"46","puppy","animals","nouns"
"47","rooster","animals","nouns"
"48","sheep","animals","nouns"
"49","squirrel","animals","nouns"
"50","teddybear","animals","nouns"
"51","tiger","animals","nouns"
"52","turkey","animals","nouns"
"53","turtle","animals","nouns"
"54","wolf","animals","nouns"
"55","zebra","animals","nouns"
"56","airplane","vehicles","nouns"
"57","bicycle","vehicles","nouns"
"58","boat","vehicles","nouns"
"59","bus","vehicles","nouns"
"60","car","vehicles","nouns"
"61","firetruck","vehicles","nouns"
"62","helicopter","vehicles","nouns"
"63","motorcycle","vehicles","nouns"
"64","sled","vehicles","nouns"
"65","stroller","vehicles","nouns"
"66","tractor","vehicles","nouns"
"67","train","vehicles","nouns"
"68","tricycle","vehicles","nouns"
"69","truck","vehicles","nouns"
"70","ball","toys","nouns"
"71","balloon","toys","nouns"
"72","bat","toys","nouns"
"73","block","toys","nouns"
"74","book","toys","nouns"
"75","bubbles","toys","nouns"
"76","chalk","toys","nouns"
"77","crayon","toys","nouns"
"78","doll","toys","nouns"
"79","game","toys","nouns"
"80","glue","toys","nouns"
"81","pen","toys","nouns"
"82","pencil","toys","nouns"
"83","play dough","toys","nouns"
"84","present","toys","nouns"
"85","puzzle","toys","nouns"
"86","story","toys","nouns"
"87","toy","toys","nouns"
"88","apple","food_drink","nouns"
"89","applesauce","food_drink","nouns"
"90","banana","food_drink","nouns"
"91","beans","food_drink","nouns"
"92","bread","food_drink","nouns"
"93","butter","food_drink","nouns"
"94","cake","food_drink","nouns"
"95","candy","food_drink","nouns"
"96","carrots","food_drink","nouns"
"97","cereal","food_drink","nouns"
"98","cheerios","food_drink","nouns"
"99","cheese","food_drink","nouns"
"100","chocolate","food_drink","nouns"
"101","coffee","food_drink","nouns"
"102","coke","food_drink","nouns"
"103","cookie","food_drink","nouns"
"104","corn","food_drink","nouns"
"105","cracker","food_drink","nouns"
"106","donut","food_drink","nouns"
"107","drink","food_drink","nouns"
"108","egg","food_drink","nouns"
"109","food","food_drink","nouns"
"110","french fries","food_drink","nouns"
"111","grapes","food_drink","nouns"
"112","green beans","food_drink","nouns"
"113","gum","food_drink","nouns"
"114","hamburger","food_drink","nouns"
"115","ice","food_drink","nouns"
"116","ice cream","food_drink","nouns"
"117","jello","food_drink","nouns"
"118","jelly","food_drink","nouns"
"119","juice","food_drink","nouns"
"120","lollipop","food_drink","nouns"
"121","meat","food_drink","nouns"
"122","melon","food_drink","nouns"
"123","milk","food_drink","nouns"
"124","muffin","food_drink","nouns"
"125","noodles","food_drink","nouns"
"126","nuts","food_drink","nouns"
"127","orange","food_drink","nouns"
"128","pancake","food_drink","nouns"
"129","peas","food_drink","nouns"
"130","peanut butter","food_drink","nouns"
"131","pickle","food_drink","nouns"
"132","pizza","food_drink","nouns"
"133","popcorn","food_drink","nouns"
"134","popsicle","food_drink","nouns"
"135","potato chip","food_drink","nouns"
"136","potato","food_drink","nouns"
"137","pretzel","food_drink","nouns"
"138","pudding","food_drink","nouns"
"139","pumpkin","food_drink","nouns"
"140","raisin","food_drink","nouns"
"141","salt","food_drink","nouns"
"142","sandwich","food_drink","nouns"
"143","sauce","food_drink","nouns"
"144","soda","food_drink","nouns"
"145","soup","food_drink","nouns"
"146","spaghetti","food_drink","nouns"
"147","strawberry","food_drink","nouns"
"148","toast","food_drink","nouns"
"149","tuna","food_drink","nouns"
"150","vanilla","food_drink","nouns"
"151","vitamins","food_drink","nouns"
"152","water","food_drink","nouns"
"153","yogurt","food_drink","nouns"
"154","beads","clothing","nouns"
"155","belt","clothing","nouns"
"156","bib","clothing","nouns"
"157","boots","clothing","nouns"
"158","button","clothing","nouns"
"159","coat","clothing","nouns"
"160","diaper","clothing","nouns"
"161","dress","clothing","nouns"
"162","gloves","clothing","nouns"
"163","hat","clothing","nouns"
"164","jacket","clothing","nouns"
"165","jeans","clothing","nouns"
"166","mittens","clothing","nouns"
"167","necklace","clothing","nouns"
"168","pajamas","clothing","nouns"
"169","pants","clothing","nouns"
"170","scarf","clothing","nouns"
"171","shirt","clothing","nouns"
"172","shoe","clothing","nouns"
"173","shorts","clothing","nouns"
"174","slipper","clothing","nouns"
"175","sneaker","clothing","nouns"
"176","snowsuit","clothing","nouns"
"177","sock","clothing","nouns"
"178","sweater","clothing","nouns"
"179","tights","clothing","nouns"
"180","underpants","clothing","nouns"
"181","zipper","clothing","nouns"
"182","ankle","body_parts","nouns"
"183","arm","body_parts","nouns"
"184","belly button","body_parts","nouns"
"185","buttocks","body_parts","nouns"
"186","cheek","body_parts","nouns"
"187","chin","body_parts","nouns"
"188","ear","body_parts","nouns"
"189","eye","body_parts","nouns"
"190","face","body_parts","nouns"
"191","finger","body_parts","nouns"
"192","foot","body_parts","nouns"
"193","hair","body_parts","nouns"
"194","hand","body_parts","nouns"
"195","head","body_parts","nouns"
"196","knee","body_parts","nouns"
"197","leg","body_parts","nouns"
"198","lips","body_parts","nouns"
"199","mouth","body_parts","nouns"
"200","nose","body_parts","nouns"
"201","owie","body_parts","nouns"
"202","penis","body_parts","nouns"
"203","shoulder","body_parts","nouns"
"204","toe","body_parts","nouns"
"205","tongue","body_parts","nouns"
"206","tooth","body_parts","nouns"
"207","tummy","body_parts","nouns"
"208","vagina","body_parts","nouns"
"209","basket","household","nouns"
"210","blanket","household","nouns"
"211","bottle","household","nouns"
"212","bowl","household","nouns"
"213","box","household","nouns"
"214","broom","household","nouns"
"215","brush","household","nouns"
"216","bucket","household","nouns"
"217","camera","household","nouns"
"218","can","household","nouns"
"219","clock","household","nouns"
"220","comb","household","nouns"
"221","cup","household","nouns"
"222","dish","household","nouns"
"223","fork","household","nouns"
"224","garbage","household","nouns"
"225","glass","household","nouns"
"226","glasses","household","nouns"
"227","hammer","household","nouns"
"228","jar","household","nouns"
"229","keys","household","nouns"
"230","knife","household","nouns"
"231","lamp","household","nouns"
"232","light","household","nouns"
"233","medicine","household","nouns"
"234","money","household","nouns"
"235","mop","household","nouns"
"236","nail","household","nouns"
"237","napkin","household","nouns"
"238","paper","household","nouns"
"239","penny","household","nouns"
"240","picture","household","nouns"
"241","pillow","household","nouns"
"242","plant","household","nouns"
"243","plate","household","nouns"
"244","purse","household","nouns"
"245","radio","household","nouns"
"246","scissors","household","nouns"
"247","soap","household","nouns"
"248","spoon","household","nouns"
"249","tape","household","nouns"
"250","telephone","household","nouns"
"251","tissue","household","nouns"
"252","toothbrush","household","nouns"
"253","towel","household","nouns"
"254","trash","household","nouns"
"255","tray","household","nouns"
"256","vacuum","household","nouns"
"257","walker","household","nouns"
"258","watch","household","nouns"
"259","basement","furniture_rooms","nouns"
"260","bathroom","furniture_rooms","nouns"
"261","bathtub","furniture_rooms","nouns"
"262","bed","furniture_rooms","nouns"
"263","bedroom","furniture_rooms","nouns"
"264","bench","furniture_rooms","nouns"
"265","chair","furniture_rooms","nouns"
"266","closet","furniture_rooms","nouns"
"267","couch","furniture_rooms","nouns"
"268","crib","furniture_rooms","nouns"
"269","door","furniture_rooms","nouns"
"270","drawer","furniture_rooms","nouns"
"271","dryer","furniture_rooms","nouns"
"272","garage","furniture_rooms","nouns"
"273","high chair","furniture_rooms","nouns"
"274","kitchen","furniture_rooms","nouns"
"275","living room","furniture_rooms","nouns"
"276","oven","furniture_rooms","nouns"
"277","play pen","furniture_rooms","nouns"
"278","porch","furniture_rooms","nouns"
"279","potty","furniture_rooms","nouns"
"280","rocking chair","furniture_rooms","nouns"
"281","refrigerator","furniture_rooms","nouns"
"282","room","furniture_rooms","nouns"
"283","shower","furniture_rooms","nouns"
"284","sink","furniture_rooms","nouns"
"285","sofa","furniture_rooms","nouns"
"286","stairs","furniture_rooms","nouns"
"287","stove","furniture_rooms","nouns"
"288","table","furniture_rooms","nouns"
"289","TV","furniture_rooms","nouns"
"290","window","furniture_rooms","nouns"
"291","washing machine","furniture_rooms","nouns"
"292","backyard","outside","nouns"
"293","cloud","outside","nouns"
"294","flag","outside","nouns"
"295","flower","outside","nouns"
"296","garden","outside","nouns"
"297","grass","outside","nouns"
"298","hose","outside","nouns"
"299","ladder","outside","nouns"
"300","lawn mower","outside","nouns"
"301","moon","outside","nouns"
"302","pool","outside","nouns"
"303","rain","outside","nouns"
"304","rock","outside","nouns"
"305","roof","outside","nouns"
"306","sandbox","outside","nouns"
"307","shovel","outside","nouns"
"308","sidewalk","outside","nouns"
"309","sky","outside","nouns"
"310","slide","outside","nouns"
"311","snow","outside","nouns"
"312","snowman","outside","nouns"
"313","sprinkler","outside","nouns"
"314","star","outside","nouns"
"315","stick","outside","nouns"
"316","stone","outside","nouns"
"317","street","outside","nouns"
"318","sun","outside","nouns"
"319","swing","outside","nouns"
"320","tree","outside","nouns"
"321","wind","outside","nouns"
"322","beach","places","other"
"323","camping","places","other"
"324","church","places","other"
"325","circus","places","other"
"326","country","places","other"
"327","downtown","places","other"
"328","farm","places","other"
"329","gas station","places","other"
"330","home","places","other"
"331","house","places","other"
"332","movie","places","other"
"333","outside","places","other"
"334","park","places","other"
"335","party","places","other"
"336","picnic","places","other"
"337","playground","places","other"
"338","school","places","other"
"339","store","places","other"
"340","woods","places","other"
"341","work","places","other"
"342","yard","places","other"
"343","zoo","places","other"
"344","aunt","people","other"
"345","baby","people","other"
"346","babysitter","people","other"
"347","boy","people","other"
"348","brother","people","other"
"349","child","people","other"
"350","clown","people","other"
"351","cowboy","people","other"
"352","daddy","people","other"
"353","doctor","people","other"
"354","fireman","people","other"
"355","friend","people","other"
"356","girl","people","other"
"357","grandma","people","other"
"358","grandpa","people","other"
"359","lady","people","other"
"360","mailman","people","other"
"361","man","people","other"
"362","mommy","people","other"
"363","nurse","people","other"
"364","people","people","other"
"365","person","people","other"
"366","police","people","other"
"367","sister","people","other"
"368","teacher","people","other"
"369","uncle","people","other"
"370","bath","games_routines","other"
"371","breakfast","games_routines","other"
"372","bye","games_routines","other"
"373","call","games_routines","other"
"374","dinner","games_routines","other"
"375","give me five","games_routines","other"
"376","gonna get you","games_routines","other"
"377","go potty","games_routines","other"
"378","hello","games_routines","other"
"379","hi","games_routines","other"
"380","lunch","games_routines","other"
"381","nap","games_routines","other"
"382","night night","games_routines","other"
"383","no","games_routines","other"
"384","pattycake","games_routines","other"
"385","peekaboo","games_routines","other"
"386","please","games_routines","other"
"387","shh","games_routines","other"
"388","shopping","games_routines","other"
"389","snack","games_routines","other"
"390","so big","games_routines","other"
"391","thank you","games_routines","other"
"392","this little piggy","games_routines","other"
"393","turn around","games_routines","other"
"394","yes","games_routines","other"
"395","bite","action_words","verbs"
"396","blow","action_words","verbs"
"397","break","action_words","verbs"
"398","bring","action_words","verbs"
"399","build","action_words","verbs"
"400","bump","action_words","verbs"
"401","buy","action_words","verbs"
"402","carry","action_words","verbs"
"403","catch","action_words","verbs"
"404","chase","action_words","verbs"
"405","clap","action_words","verbs"
"406","clean","action_words","verbs"
"407","climb","action_words","verbs"
"408","close","action_words","verbs"
"409","cook","action_words","verbs"
"410","cover","action_words","verbs"
"411","cry","action_words","verbs"
"412","cut","action_words","verbs"
"413","dance","action_words","verbs"
"414","draw","action_words","verbs"
"415","drive","action_words","verbs"
"416","drop","action_words","verbs"
"417","dry","action_words","verbs"
"418","dump","action_words","verbs"
"419","eat","action_words","verbs"
"420","fall","action_words","verbs"
"421","feed","action_words","verbs"
"422","find","action_words","verbs"
"423","finish","action_words","verbs"
"424","fit","action_words","verbs"
"425","fix","action_words","verbs"
"426","get","action_words","verbs"
"427","give","action_words","verbs"
"428","go","action_words","verbs"
"429","hate","action_words","verbs"
"430","have","action_words","verbs"
"431","hear","action_words","verbs"
"432","help","action_words","verbs"
"433","hide","action_words","verbs"
"434","hit","action_words","verbs"
"435","hold","action_words","verbs"
"436","hug","action_words","verbs"
"437","hurry","action_words","verbs"
"438","jump","action_words","verbs"
"439","kick","action_words","verbs"
"440","kiss","action_words","verbs"
"441","knock","action_words","verbs"
"442","lick","action_words","verbs"
"443","like","action_words","verbs"
"444","listen","action_words","verbs"
"445","look","action_words","verbs"
"446","love","action_words","verbs"
"447","make","action_words","verbs"
"448","open","action_words","verbs"
"449","paint","action_words","verbs"
"450","pick","action_words","verbs"
"451","play","action_words","verbs"
"452","pour","action_words","verbs"
"453","pretend","action_words","verbs"
"454","pull","action_words","verbs"
"455","push","action_words","verbs"
"456","put","action_words","verbs"
"457","read","action_words","verbs"
"458","ride","action_words","verbs"
"459","rip","action_words","verbs"
"460","run","action_words","verbs"
"461","say","action_words","verbs"
"462","see","action_words","verbs"
"463","shake","action_words","verbs"
"464","share","action_words","verbs"
"465","show","action_words","verbs"
"466","sing","action_words","verbs"
"467","sit","action_words","verbs"
"468","skate","action_words","verbs"
"469","sleep","action_words","verbs"
"470","smile","action_words","verbs"
"471","spill","action_words","verbs"
"472","splash","action_words","verbs"
"473","stand","action_words","verbs"
"474","stay","action_words","verbs"
"475","stop","action_words","verbs"
"476","sweep","action_words","verbs"
"477","swim","action_words","verbs"
"478","take","action_words","verbs"
"479","talk","action_words","verbs"
"480","taste","action_words","verbs"
"481","tear","action_words","verbs"
"482","think","action_words","verbs"
"483","throw","action_words","verbs"
"484","tickle","action_words","verbs"
"485","touch","action_words","verbs"
"486","wait","action_words","verbs"
"487","wake","action_words","verbs"
"488","walk","action_words","verbs"
"489","wash","action_words","verbs"
"490","wipe","action_words","verbs"
"491","wish","action_words","verbs"
"492","write","action_words","verbs"
"493","all gone","descriptive_words","adjectives"
"494","asleep","descriptive_words","adjectives"
"495","awake","descriptive_words","adjectives"
"496","bad","descriptive_words","adjectives"
"497","better","descriptive_words","adjectives"
"498","big","descriptive_words","adjectives"
"499","black","descriptive_words","adjectives"
"500","blue","descriptive_words","adjectives"
"501","broken","descriptive_words","adjectives"
"502","brown","descriptive_words","adjectives"
"503","careful","descriptive_words","adjectives"
"504","cold","descriptive_words","adjectives"
"505","cute","descriptive_words","adjectives"
"506","dark","descriptive_words","adjectives"
"507","dirty","descriptive_words","adjectives"
"508","empty","descriptive_words","adjectives"
"509","fast","descriptive_words","adjectives"
"510","fine","descriptive_words","adjectives"
"511","first","descriptive_words","adjectives"
"512","full","descriptive_words","adjectives"
"513","gentle","descriptive_words","adjectives"
"514","good","descriptive_words","adjectives"
"515","green","descriptive_words","adjectives"
"516","happy","descriptive_words","adjectives"
"517","hard","descriptive_words","adjectives"
"518","heavy","descriptive_words","adjectives"
"519","high","descriptive_words","adjectives"
"520","hot","descriptive_words","adjectives"
"521","hungry","descriptive_words","adjectives"
"522","hurt","descriptive_words","adjectives"
"523","last","descriptive_words","adjectives"
"524","little","descriptive_words","adjectives"
"525","long","descriptive_words","adjectives"
"526","loud","descriptive_words","adjectives"
"527","mad","descriptive_words","adjectives"
"528","naughty","descriptive_words","adjectives"
"529","new","descriptive_words","adjectives"
"530","nice","descriptive_words","adjectives"
"531","noisy","descriptive_words","adjectives"
"532","old","descriptive_words","adjectives"
"533","poor","descriptive_words","adjectives"
"534","pretty","descriptive_words","adjectives"
"535","quiet","descriptive_words","adjectives"
"536","red","descriptive_words","adjectives"
"537","sad","descriptive_words","adjectives"
"538","scared","descriptive_words","adjectives"
"539","sick","descriptive_words","adjectives"
"540","sleepy","descriptive_words","adjectives"
"541","slow","descriptive_words","adjectives"
"542","soft","descriptive_words","adjectives"
"543","sticky","descriptive_words","adjectives"
"544","stuck","descriptive_words","adjectives"
"545","thirsty","descriptive_words","adjectives"
"546","tiny","descriptive_words","adjectives"
"547","tired","descriptive_words","adjectives"
"548","wet","descriptive_words","adjectives"
"549","white","descriptive_words","adjectives"
"550","windy","descriptive_words","adjectives"
"551","yellow","descriptive_words","adjectives"
"552","yucky","descriptive_words","adjectives"
"553","after","time_words","other"
"554","before","time_words","other"
"555","day","time_words","other"
"556","later","time_words","other"
"557","morning","time_words","other"
"558","night","time_words","other"
"559","now","time_words","other"
"560","time","time_words","other"
"561","today","time_words","other"
"562","tomorrow","time_words","other"
"563","tonight","time_words","other"
"564","yesterday","time_words","other"
"565","he","pronouns","function_words"
"566","her","pronouns","function_words"
"567","hers","pronouns","function_words"
"568","him","pronouns","function_words"
"569","his","pronouns","function_words"
"570","I","pronouns","function_words"
"571","it","pronouns","function_words"
"572","me","pronouns","function_words"
"573","mine","pronouns","function_words"
"574","my","pronouns","function_words"
"575","myself","pronouns","function_words"
"576","our","pronouns","function_words"
"577","she","pronouns","function_words"
"578","that","pronouns","function_words"
"579","their","pronouns","function_words"
"580","them","pronouns","function_words"
"581","these","pronouns","function_words"
"582","they","pronouns","function_words"
"583","this","pronouns","function_words"
"584","those","pronouns","function_words"
"585","us","pronouns","function_words"
"586","we","pronouns","function_words"
"587","you","pronouns","function_words"
"588","your","pronouns","function_words"
"589","yourself","pronouns","function_words"
"590","how","question_words","function_words"
"591","what","question_words","function_words"
"592","when","question_words","function_words"
"593","where","question_words","function_words"
"594","which","question_words","function_words"
"595","who","question_words","function_words"
"596","why","question_words","function_words"
"597","about","locations","function_words"
"598","above","locations","function_words"
"599","around","locations","function_words"
"600","at","locations","function_words"
"601","away","locations","function_words"
"602","back","locations","function_words"
"603","behind","locations","function_words"
"604","beside","locations","function_words"
"605","by","locations","function_words"
"606","down","locations","function_words"
"607","for","locations","function_words"
"608","here","locations","function_words"
"609","inside","locations","function_words"
"610","into","locations","function_words"
"611","next to","locations","function_words"
"612","of","locations","function_words"
"613","off","locations","function_words"
"614","on","locations","function_words"
"615","on top of","locations","function_words"
"616","out","locations","function_words"
"617","over","locations","function_words"
"618","there","locations","function_words"
"619","to","locations","function_words"
"620","under","locations","function_words"
"621","up","locations","function_words"
"622","with","locations","function_words"
"623","a","quantifiers","function_words"
"624","all","quantifiers","function_words"
"625","a lot","quantifiers","function_words"
"626","an","quantifiers","function_words"
"627","another","quantifiers","function_words"
"628","any","quantifiers","function_words"
"629","each","quantifiers","function_words"
"630","every","quantifiers","function_words"
"631","more","quantifiers","function_words"
"632","much","quantifiers","function_words"
"633","none","quantifiers","function_words"
"634","not","quantifiers","function_words"
"635","other","quantifiers","function_words"
"636","same","quantifiers","function_words"
"637","some","quantifiers","function_words"
"638","the","quantifiers","function_words"
"639","too","quantifiers","function_words"
"640","am","helping_verbs","function_words"
"641","are","helping_verbs","function_words"
"642","be","helping_verbs","function_words"
"643","could","helping_verbs","function_words"
"644","did","helping_verbs","function_words"
"645","do","helping_verbs","function_words"
"646","does","helping_verbs","function_words"
"647","dont","helping_verbs","function_words"
"648","gonna","helping_verbs","function_words"
"649","gotta","helping_verbs","function_words"
"650","hafta","helping_verbs","function_words"
"651","is","helping_verbs","function_words"
"652","lemme","helping_verbs","function_words"
"653","need","helping_verbs","function_words"
"654","try","helping_verbs","function_words"
"655","wanna","helping_verbs","function_words"
"656","was","helping_verbs","function_words"
"657","were","helping_verbs","function_words"
"658","will","helping_verbs","function_words"
"659","would","helping_verbs","function_words"
"660","and","connecting_words","function_words"
"661","because","connecting_words","function_words"
"662","but","connecting_words","function_words"
"663","if","connecting_words","function_words"
"664","so","connecting_words","function_words"
"665","then","connecting_words","function_words"
